WORD_ID,Annotator 1,Annotator 2,Match,Prev_WORD,Next_WORD
1-5-32,NomAnaph,NomAnaph,1,attended,I
1-7-25,Pleon,NomAnaph,0,and,ended
1-12-28,ClauseAnaph,,0,is,simply
1-14-59,ClauseAnaph,ClauseAnaph,1,him,must
1-14-76,NomAnaph,ClauseAnaph,0,Difficult,damnable
1-15-2,NomAnaph,ClauseAnaph,0,Thus,came
1-15-5,Pleon,Pleon,1,of,It
1-16-26,NomAnaph,NomAnaph,1,it,
1-16-27,Pleon,Pleon,1,sun,seemed
1-16-54,Pleon,Pleon,1,find,very
1-16-97,NomAnaph,Pleon,0,Oh,pleasant
1-17-2,Pleon,NomAnaph,0,at,steadily
1-17-47,ClauseAnaph,ClauseAnaph,1,lunchtime,a
1-17-51,Pleon,ClauseAnaph,0,taking,all
1-17-57,Pleon,ClauseAnaph,0,,werent
1-17-60,Pleon,ClauseAnaph,0,say,Never
1-20-17,ClauseAnaph,ClauseAnaph,1,open,the
1-24-55,NomAnaph,NomAnaph,1,of,on
1-25-25,NomAnaph,NomAnaph,1,if,isnt
1-25-49,Pleon,ClauseAnaph,0,beard,was
1-26-1,NomAnaph,NomAnaph,1,feature,struck
1-26-24,ClauseAnaph,ClauseAnaph,1,after,is
1-28-76,NomAnaph,NomAnaph,1,to,I
1-30-15,ClauseAnaph,ClauseAnaph,1,in,The
1-31-23,NomAnaph,NomAnaph,1,prove,to
1-31-70,ClauseAnaph,ClauseAnaph,1,feel,in
1-31-83,ClauseAnaph,Pleon,0,me,might
1-31-92,Pleon,Pleon,1,Associate,more
1-31-106,NomAnaph,NomAnaph,1,,makes
1-32-51,NomAnaph,NomAnaph,1,do,ever
1-33-89,ClauseAnaph,Pleon,0,forget,My
1-35-40,ClauseAnaph,ClauseAnaph,1,met,was
1-37-49,NomAnaph,Pleon,0,what,was
1-37-59,NomAnaph,Pleon,0,of,Farmer
1-40-83,NomAnaph,NomAnaph,1,like,or
1-41-17,ClauseAnaph,ClauseAnaph,1,of,As
1-42-31,ClauseAnaph,ClauseAnaph,1,brushed,aside
1-47-35,NomAnaph,NomAnaph,1,Yes,a
1-47-53,NomAnaph,NomAnaph,1,Monday,was
1-53-9,Pleon,NomAnaph,0,where,was
1-53-64,NomAnaph,NomAnaph,1,easy,is
1-58-53,ClauseAnaph,Pleon,0,about,Come
1-58-65,ClauseAnaph,ClauseAnaph,1,examined,with
1-59-62,NomAnaph,NomAnaph,1,now,cant
1-60-30,ClauseAnaph,ClauseAnaph,1,have,tonight
1-60-47,ClauseAnaph,NomAnaph,0,time,shall
1-60-62,ClauseAnaph,ClauseAnaph,1,placed,on
1-60-84,NomAnaph,NomAnaph,1,cried,is
1-63-27,Pleon,Pleon,1,Cynthia,is
1-63-93,ClauseAnaph,Pleon,0,perched,a
1-64-72,NomAnaph,NomAnaph,1,Oh,you
1-66-61,Pleon,Pleon,1,stairs,may
1-68-50,ClauseAnaph,Pleon,0,show,to
1-69-94,NomAnaph,NomAnaph,1,Mary,has
1-70-9,NomAnaph,Pleon,0,show,to
1-70-19,NomAnaph,NomAnaph,1,you,is
1-70-25,NomAnaph,NomAnaph,1,imagine,does
1-70-31,NomAnaph,NomAnaph,1,got,all
1-70-78,Pleon,NomAnaph,0,door,was
1-71-11,Pleon,NomAnaph,0,what,was
1-71-23,Pleon,NomAnaph,0,pour,out
1-73-75,NomAnaph,NomAnaph,1,take,to
1-73-86,NomAnaph,NomAnaph,1,poured,out
1-73-91,NomAnaph,NomAnaph,1,carrying,carefully
1-73-100,NomAnaph,NomAnaph,1,silence,was
1-74-19,Pleon,Pleon,1,leaf,almost
1-74-36,Pleon,Pleon,1,obtain,had
1-76-58,NomAnaph,NomAnaph,1,,seemed
1-78-14,Pleon,Pleon,1,situated,seemed
1-80-43,Pleon,Pleon,1,effect,was
1-82-25,NomAnaph,NomAnaph,1,room,was
1-83-1,Pleon,NomAnaph,0,bolted,never
1-84-28,NomAnaph,NomAnaph,1,time,resisted
1-85-13,NomAnaph,NomAnaph,1,felt,give
1-85-22,NomAnaph,NomAnaph,1,crash,was
1-85-33,NomAnaph,NomAnaph,1,wall,was
1-87-1,Pleon,Pleon,1,Then,must
1-88-71,Pleon,Pleon,1,that,was
1-91-15,Pleon,Pleon,1,Take,easy
1-92-86,Pleon,Pleon,1,is,Why
1-94-42,Pleon,Pleon,1,suspects,What
1-94-88,ClauseAnaph,ClauseAnaph,1,broke,by
1-95-103,ClauseAnaph,Pleon,0,that,should
1-97-74,NomAnaph,NomAnaph,1,broach,Yet
1-98-93,NomAnaph,NomAnaph,1,halfway,might
1-99-33,ClauseAnaph,Pleon,0,put,into
1-100-54,NomAnaph,NomAnaph,1,have,your
1-101-56,Pleon,Pleon,1,leave,in
1-101-62,Pleon,Pleon,1,if,is
1-101-68,Pleon,Pleon,1,suspect,seems
1-101-73,Pleon,Pleon,1,watch,was
1-101-92,Pleon,Pleon,1,spent,in
1-101-111,NomAnaph,NomAnaph,1,me,was
1-103-65,Pleon,Pleon,1,night,was
1-104-7,Pleon,Pleon,1,Is,not
1-107-29,Pleon,Pleon,1,put,here
1-108-104,NomAnaph,NomAnaph,1,hand,is
1-109-9,Pleon,NomAnaph,0,significant,is
1-109-12,Pleon,NomAnaph,0,before,Beware
1-109-29,NomAnaph,NomAnaph,1,says,is
1-109-37,Pleon,NomAnaph,0,matter,will
1-109-44,Pleon,NomAnaph,0,forget,That
1-109-51,Pleon,NomAnaph,0,,is
1-110-31,Pleon,NomAnaph,0,putting,on
1-111-11,NomAnaph,NomAnaph,1,But,is
1-111-35,Pleon,Pleon,1,and,had
1-111-64,ClauseAnaph,ClauseAnaph,1,thoughtfully,was
1-111-78,Pleon,Pleon,1,rearranged,
1-112-54,NomAnaph,NomAnaph,1,said,is
1-114-7,Pleon,Pleon,1,turning,over
1-114-63,ClauseAnaph,Pleon,0,how,has
1-114-73,ClauseAnaph,Pleon,0,know,is
1-114-106,NomAnaph,Pleon,0,drank,between
1-115-15,NomAnaph,NomAnaph,1,Still,is
1-115-85,ClauseAnaph,Pleon,0,explain,In
1-116-39,NomAnaph,NomAnaph,1,remember,As
1-116-44,NomAnaph,NomAnaph,1,see,is
1-117-6,Pleon,Pleon,1,Precisely,is
1-117-19,Pleon,Pleon,1,retrieved,and
1-117-73,NomAnaph,NomAnaph,1,buried,neatly
1-117-76,NomAnaph,NomAnaph,1,neatly,jolly
1-117-78,Pleon,Pleon,1,considered,advisable
1-118-43,ClauseAnaph,Pleon,0,in,
1-118-85,NomAnaph,NomAnaph,1,need,He
1-120-42,NomAnaph,NomAnaph,1,but,was
1-120-54,ClauseAnaph,Pleon,0,of,being
1-120-63,NomAnaph,NomAnaph,1,loose,tilted
1-120-66,NomAnaph,NomAnaph,1,passed,to
1-121-11,NomAnaph,NomAnaph,1,however,was
1-121-21,NomAnaph,NomAnaph,1,it,and
,NomAnaph,NomAnaph,1,shutting,several
1-121-93,NomAnaph,NomAnaph,1,examined,carefully
1-122-3,NomAnaph,NomAnaph,1,on,A
1-122-51,NomAnaph,NomAnaph,1,near,I
1-122-77,NomAnaph,NomAnaph,1,tasted,gingerly
1-123-16,NomAnaph,NomAnaph,1,in,He
1-123-25,NomAnaph,NomAnaph,1,about,You
1-123-79,ClauseAnaph,Pleon,0,on,Exactly
1-124-13,NomAnaph,NomAnaph,1,on,He
1-124-25,NomAnaph,NomAnaph,1,grinding,to
1-124-68,NomAnaph,NomAnaph,1,because,contained
1-124-80,NomAnaph,NomAnaph,1,,did
1-124-88,NomAnaph,NomAnaph,1,that,was
1-125-12,Pleon,Pleon,1,,fitted
1-125-68,NomAnaph,NomAnaph,1,,and
1-125-83,NomAnaph,NomAnaph,1,But,should
1-126-11,ClauseAnaph,ClauseAnaph,1,examining,
1-126-58,NomAnaph,NomAnaph,1,smell,Finally
1-126-66,NomAnaph,NomAnaph,1,sealing,up
1-126-81,NomAnaph,NomAnaph,1,for,is
1-127-66,NomAnaph,NomAnaph,1,Yes,may
1-128-2,NomAnaph,NomAnaph,1,,must
1-128-44,NomAnaph,NomAnaph,1,removed,with
1-128-60,NomAnaph,NomAnaph,1,point,was
1-128-79,ClauseAnaph,NomAnaph,0,carrying,But
1-129-14,NomAnaph,NomAnaph,1,Yes,is
1-129-40,ClauseAnaph,NomAnaph,0,,was
1-129-51,NomAnaph,Pleon,0,suppose,is
1-130-34,NomAnaph,NomAnaph,1,,destroys
1-131-4,NomAnaph,NomAnaph,1,of,I
1-131-84,NomAnaph,Pleon,0,puzzled,was
1-131-88,NomAnaph,Pleon,0,expected,I
1-132-33,ClauseAnaph,Pleon,0,put,away
1-132-44,NomAnaph,NomAnaph,1,destroyed,The
1-132-75,NomAnaph,NomAnaph,1,is,not
1-133-25,NomAnaph,Pleon,0,of,We
1-133-47,NomAnaph,NomAnaph,1,both,and
1-133-56,NomAnaph,NomAnaph,1,perfect,has
1-134-56,NomAnaph,NomAnaph,1,is,not
1-134-62,NomAnaph,Pleon,0,at,yesterday
1-134-71,NomAnaph,ClauseAnaph,0,is,not
1-136-22,ClauseAnaph,Pleon,0,Dorcas,is
1-137-20,Pleon,Pleon,1,and,is
1-137-51,Pleon,Pleon,1,day,was
1-138-27,Pleon,Pleon,1,of,Well
1-138-62,NomAnaph,NomAnaph,1,but,wasnt
1-139-7,Pleon,Pleon,1,,may
1-139-17,Pleon,Pleon,1,there,is
1-139-53,Pleon,Pleon,1,sure,was
1-140-114,NomAnaph,Pleon,0,could,be
1-140-127,NomAnaph,Pleon,0,but,was
1-141-9,NomAnaph,Pleon,0,if,was
1-141-78,NomAnaph,NomAnaph,1,but,had
1-141-89,NomAnaph,NomAnaph,1,on,and
1-141-93,NomAnaph,NomAnaph,1,at,almost
1-141-99,NomAnaph,NomAnaph,1,worth,I
1-142-32,Pleon,Pleon,1,drunk,I
1-142-57,NomAnaph,NomAnaph,1,hush,up
1-142-79,Pleon,NomAnaph,0,whatever,was
1-142-103,NomAnaph,NomAnaph,1,with,afterwards
1-142-118,NomAnaph,NomAnaph,1,lock,up
1-143-11,NomAnaph,NomAnaph,1,brought,down
1-143-31,NomAnaph,NomAnaph,1,took,up
1-143-39,NomAnaph,NomAnaph,1,of,She
1-143-50,NomAnaph,NomAnaph,1,missed,yesterday
1-143-53,NomAnaph,NomAnaph,1,for,She
1-143-65,NomAnaph,NomAnaph,1,about,But
1-143-73,ClauseAnaph,Pleon,0,Dorcas,is
1-144-6,Pleon,Pleon,1,Thats,sir
1-144-51,NomAnaph,NomAnaph,1,find,I
1-144-60,NomAnaph,NomAnaph,1,for,Ah
1-144-65,NomAnaph,NomAnaph,1,see,was
1-144-70,NomAnaph,NomAnaph,1,as,was
1-144-79,NomAnaph,NomAnaph,1,call,Ah
1-145-43,Pleon,NomAnaph,0,when,was
1-148-12,NomAnaph,NomAnaph,1,seen,then
1-148-27,NomAnaph,NomAnaph,1,sight,was
1-148-33,NomAnaph,NomAnaph,1,find,In
1-149-60,NomAnaph,NomAnaph,1,bedroom,was
1-149-69,NomAnaph,NomAnaph,1,ago,is
1-149-88,NomAnaph,NomAnaph,1,examined,closely
1-150-3,NomAnaph,NomAnaph,1,but,clean
1-152-59,Pleon,Pleon,1,noticed,It
1-152-69,NomAnaph,NomAnaph,1,it,does
1-152-70,Pleon,Pleon,1,in,Did
1-152-103,NomAnaph,NomAnaph,1,sir,was
1-153-3,NomAnaph,NomAnaph,1,warmed,up
1-153-14,NomAnaph,NomAnaph,1,fancied,What
1-153-21,NomAnaph,NomAnaph,1,was,Plain
1-153-24,NomAnaph,NomAnaph,1,in,Who
1-153-43,NomAnaph,NomAnaph,1,took,to
1-153-46,NomAnaph,NomAnaph,1,bring,straight
1-153-73,NomAnaph,NomAnaph,1,make,early
1-153-97,NomAnaph,NomAnaph,1,bring,up
1-153-111,NomAnaph,NomAnaph,1,put,on
1-153-115,NomAnaph,NomAnaph,1,take,into
1-153-125,NomAnaph,NomAnaph,1,is,not
1-154-10,NomAnaph,NomAnaph,1,is,on
1-154-18,NomAnaph,NomAnaph,1,side,this
1-154-30,Pleon,NomAnaph,0,bring,up
1-154-39,NomAnaph,NomAnaph,1,take,into
1-154-55,NomAnaph,NomAnaph,1,in,sir
1-155-42,NomAnaph,NomAnaph,1,sir,wasnt
1-155-44,Pleon,Pleon,1,near,What
1-155-53,NomAnaph,NomAnaph,1,in,asked
1-155-62,NomAnaph,NomAnaph,1,Seeing,on
1-155-66,NomAnaph,NomAnaph,1,salt,looked
1-156-5,NomAnaph,NomAnaph,1,noticed,when
1-156-10,NomAnaph,NomAnaph,1,take,into
1-156-23,NomAnaph,NomAnaph,1,saw,at
1-156-30,NomAnaph,NomAnaph,1,taken,down
1-156-41,NomAnaph,NomAnaph,1,dusted,off
1-156-83,NomAnaph,NomAnaph,1,took,in
1-156-90,NomAnaph,NomAnaph,1,but,disappointed
1-157-13,NomAnaph,NomAnaph,1,sir,always
1-157-35,NomAnaph,NomAnaph,1,was,had
1-157-38,NomAnaph,NomAnaph,1,sir,was
1-157-65,NomAnaph,NomAnaph,1,whether,was
1-157-73,NomAnaph,NomAnaph,1,lock,at
1-158-15,NomAnaph,NomAnaph,1,seen,Yes
1-158-78,NomAnaph,NomAnaph,1,taken,out
1-158-86,NomAnaph,NomAnaph,1,call,sports
1-159-14,NomAnaph,Pleon,0,that,was
1-159-84,NomAnaph,Pleon,0,course,did
1-159-100,ClauseAnaph,Pleon,0,could,have
1-160-25,NomAnaph,NomAnaph,1,been,might
1-160-28,NomAnaph,NomAnaph,1,way,was
1-160-50,Pleon,Pleon,1,thought,lucky
1-161-4,Pleon,Pleon,1,coldly,is
1-161-43,Pleon,Pleon,1,open,He
1-161-114,NomAnaph,NomAnaph,1,Voila,is
1-162-20,NomAnaph,Pleon,0,but,will
1-162-26,NomAnaph,NomAnaph,1,open,at
1-162-29,NomAnaph,NomAnaph,1,us,did
1-163-49,NomAnaph,NomAnaph,1,tossed,over
1-163-67,NomAnaph,NomAnaph,1,me,was
1-163-71,NomAnaph,NomAnaph,1,across,apparently
1-163-89,NomAnaph,NomAnaph,1,of,Where
1-163-99,NomAnaph,NomAnaph,1,Yes,is
2-5-22,NomAnaph,NomAnaph,1,does,mean
2-5-29,NomAnaph,NomAnaph,1,,is
2-5-38,NomAnaph,NomAnaph,1,Was,possible
2-5-48,Pleon,Pleon,1,was,not
2-5-70,Pleon,Pleon,1,consider,likely
2-7-29,ClauseAnaph,Pleon,0,Is,a
2-7-80,ClauseAnaph,ClauseAnaph,1,put,down
2-8-77,NomAnaph,NomAnaph,1,last,is
2-10-6,Pleon,Pleon,1,Yet,is
2-10-23,Pleon,Pleon,1,whatever,was
2-10-37,ClauseAnaph,Pleon,0,head,an
2-13-57,ClauseAnaph,Pleon,0,hang,all
2-13-75,Pleon,Pleon,1,understand,is
2-14-7,NomAnaph,Pleon,0,take,after
2-14-62,NomAnaph,NomAnaph,1,keep,in
2-14-77,NomAnaph,NomAnaph,1,if,there
2-14-87,NomAnaph,NomAnaph,1,Cavendish,is
2-15-5,Pleon,Pleon,1,find,If
2-15-17,NomAnaph,NomAnaph,1,take,he
2-15-23,NomAnaph,NomAnaph,1,replace,by
2-15-31,NomAnaph,NomAnaph,1,seen,there
2-15-54,NomAnaph,NomAnaph,1,there,would
2-15-56,NomAnaph,Pleon,0,let,trouble
2-15-86,NomAnaph,Pleon,0,from,Decorum
2-16-17,NomAnaph,NomAnaph,1,conceal,as
2-17-20,NomAnaph,NomAnaph,1,,will
2-19-1,NomAnaph,NomAnaph,1,you,is
2-19-5,NomAnaph,NomAnaph,1,abandon,in
2-19-37,NomAnaph,NomAnaph,1,take,in
2-19-46,NomAnaph,NomAnaph,1,was,I
2-19-105,ClauseAnaph,Pleon,0,is,You
2-21-47,Pleon,Pleon,1,say,is
2-21-56,ClauseAnaph,Pleon,0,course,quite
2-23-18,ClauseAnaph,NomAnaph,0,face,puzzled
2-24-12,NomAnaph,NomAnaph,1,for,If
2-24-21,NomAnaph,NomAnaph,1,solving,monsieur
2-25-9,NomAnaph,NomAnaph,1,but,contains
2-25-47,NomAnaph,NomAnaph,1,information,is
2-25-51,NomAnaph,NomAnaph,1,if,is
2-26-21,ClauseAnaph,Pleon,0,Styles,was
2-27-67,ClauseAnaph,ClauseAnaph,1,leave,entirely
2-31-22,ClauseAnaph,NomAnaph,0,lawyer,is
2-31-89,ClauseAnaph,Pleon,0,will,was
2-32-6,Pleon,Pleon,1,is,now
2-32-37,NomAnaph,NomAnaph,1,handed,to
2-32-62,NomAnaph,NomAnaph,1,found,But
2-32-77,NomAnaph,NomAnaph,1,that,was
2-33-13,NomAnaph,NomAnaph,1,prove,to
2-33-45,ClauseAnaph,ClauseAnaph,1,answered,
2-33-80,NomAnaph,NomAnaph,1,near,as
2-34-68,NomAnaph,NomAnaph,1,twisting,very
2-34-80,NomAnaph,NomAnaph,1,wrote,down
2-36-47,ClauseAnaph,ClauseAnaph,1,with,afterwards
2-37-67,NomAnaph,NomAnaph,1,slipped,into
2-37-73,NomAnaph,NomAnaph,1,put,inside
2-37-80,NomAnaph,NomAnaph,1,was,when
2-37-96,Pleon,Pleon,1,Couldnt,have
2-38-4,Pleon,Pleon,1,sir,would
2-38-16,Pleon,Pleon,1,before,Thank
2-38-28,Pleon,NomAnaph,0,sure,is
2-39-13,ClauseAnaph,ClauseAnaph,1,as,swept
2-41-46,NomAnaph,NomAnaph,1,dismissed,from
2-42-71,NomAnaph,NomAnaph,1,suspect,is
2-45-26,Pleon,Pleon,1,what,is
2-46-4,Pleon,Pleon,1,done,And
2-46-89,ClauseAnaph,ClauseAnaph,1,Dash,all
2-47-17,Pleon,Pleon,1,did,Hes
2-47-46,ClauseAnaph,ClauseAnaph,1,any,occurred
2-47-63,Pleon,Pleon,1,But,was
2-49-71,NomAnaph,Pleon,0,realized,though
2-51-54,ClauseAnaph,ClauseAnaph,1,of,Hope
2-51-61,NomAnaph,NomAnaph,1,proud,wasnt
2-52-6,Pleon,ClauseAnaph,0,feel,is
2-52-78,ClauseAnaph,NomAnaph,0,me,is
2-52-95,Pleon,Pleon,1,unlocked,and
2-54-8,NomAnaph,NomAnaph,1,locked,out
2-54-52,NomAnaph,NomAnaph,1,But,not
2-54-59,NomAnaph,NomAnaph,1,forced,Why
2-55-4,NomAnaph,NomAnaph,1,locked,is
2-55-51,NomAnaph,NomAnaph,1,fit,We
2-55-68,NomAnaph,NomAnaph,1,here,was
2-56-3,Pleon,Pleon,1,crime,was
2-56-37,Pleon,Pleon,1,that,should
2-56-43,NomAnaph,NomAnaph,1,before,was
2-56-48,NomAnaph,NomAnaph,1,force,thus
2-56-76,NomAnaph,NomAnaph,1,risk,must
2-56-87,Pleon,NomAnaph,0,was,Ah
2-57-4,Pleon,NomAnaph,0,carried,away
2-57-70,NomAnaph,NomAnaph,1,now,is
2-57-79,NomAnaph,NomAnaph,1,gone,is
2-57-82,NomAnaph,NomAnaph,1,is,destroyed
2-57-86,NomAnaph,NomAnaph,1,think,would
2-59-47,Pleon,Pleon,1,up,would
2-59-82,NomAnaph,NomAnaph,1,Because,is
2-60-45,ClauseAnaph,Pleon,0,of,Well
2-62-76,ClauseAnaph,Pleon,0,unfortunately,is
2-62-90,Pleon,Pleon,1,of,myself
2-65-106,NomAnaph,NomAnaph,1,was,Locked
2-66-41,NomAnaph,NomAnaph,1,,must
2-66-67,NomAnaph,NomAnaph,1,engaged,came
2-66-79,NomAnaph,NomAnaph,1,also,was
2-66-91,NomAnaph,NomAnaph,1,of,He
2-67-6,NomAnaph,NomAnaph,1,if,looked
2-68-31,NomAnaph,NomAnaph,1,tried,in
2-68-65,NomAnaph,NomAnaph,1,me,told
2-68-79,ClauseAnaph,Pleon,0,know,It
2-72-5,ClauseAnaph,ClauseAnaph,1,it,was
2-72-6,ClauseAnaph,ClauseAnaph,1,that,had
2-72-19,NomAnaph,NomAnaph,1,that,had
2-72-36,NomAnaph,NomAnaph,1,if,had
2-72-47,NomAnaph,NomAnaph,1,replaced,on
2-72-60,NomAnaph,NomAnaph,1,establish,more
2-73-21,NomAnaph,NomAnaph,1,leave,Time
2-75-17,Pleon,Pleon,1,at,logically
2-75-62,Pleon,NomAnaph,0,put,this
2-75-68,Pleon,NomAnaph,0,means,follows
2-76-27,Pleon,Pleon,1,bolted,then
2-77-46,NomAnaph,NomAnaph,1,say,is
2-77-59,Pleon,ClauseAnaph,0,but,might
2-77-63,Pleon,ClauseAnaph,0,ever,seems
2-78-14,Pleon,Pleon,1,Precisely,was
2-78-42,ClauseAnaph,Pleon,0,do,is
2-78-55,ClauseAnaph,Pleon,0,Still,is
2-78-62,ClauseAnaph,Pleon,0,pleasant,was
2-79-79,Pleon,Pleon,1,pace,was
2-80-1,Pleon,Pleon,1,said,is
2-80-27,Pleon,Pleon,1,curiously,all
2-81-39,ClauseAnaph,Pleon,0,,poison
2-81-59,ClauseAnaph,Pleon,0,,
2-82-20,Pleon,NomAnaph,0,is,I
2-82-25,Pleon,NomAnaph,0,sigh,is
2-83-36,Pleon,Pleon,1,For,is
2-83-62,NomAnaph,NomAnaph,1,complicated,puzzles
2-83-68,NomAnaph,NomAnaph,1,But,was
2-84-2,Pleon,NomAnaph,0,friend,is
2-84-31,ClauseAnaph,ClauseAnaph,1,No,is
2-84-80,ClauseAnaph,NomAnaph,0,allow,You
2-85-74,ClauseAnaph,Pleon,0,allow,No
2-85-79,ClauseAnaph,Pleon,0,at,occurred
2-88-54,Pleon,Pleon,1,was,the
2-90-92,Pleon,Pleon,1,that,was
2-91-40,Pleon,Pleon,1,technicalities,amounted
2-93-21,NomAnaph,NomAnaph,1,Is,possible
2-93-65,Pleon,Pleon,1,consider,very
2-94-4,ClauseAnaph,Pleon,0,after,has
2-96-21,NomAnaph,NomAnaph,1,swallowed,is
2-96-25,NomAnaph,NomAnaph,1,of,points
2-96-74,Pleon,Pleon,1,had,analysed
2-97-16,NomAnaph,NomAnaph,1,taste,can
2-97-62,NomAnaph,NomAnaph,1,mask,One
2-97-90,NomAnaph,NomAnaph,1,consider,more
2-98-4,Pleon,Pleon,1,corroborated,on
2-98-48,NomAnaph,NomAnaph,1,,utterly
2-98-61,NomAnaph,NomAnaph,1,elucidation,is
2-99-76,Pleon,NomAnaph,0,but,still
2-100-9,Pleon,Pleon,1,before,was
2-100-46,NomAnaph,NomAnaph,1,is,not
2-100-89,Pleon,Pleon,1,but,would
2-101-59,Pleon,Pleon,1,for,to
2-101-65,NomAnaph,NomAnaph,1,repeat,here
2-104-55,NomAnaph,NomAnaph,1,but,was
2-105-47,NomAnaph,NomAnaph,1,is,not
2-106-72,ClauseAnaph,Pleon,0,that,was
2-106-87,ClauseAnaph,Pleon,0,was,not
2-107-26,NomAnaph,Pleon,0,that,was
2-108-68,NomAnaph,Pleon,0,realized,was
2-109-21,NomAnaph,Pleon,0,with,I
2-110-26,NomAnaph,NomAnaph,1,that,was
2-110-92,Pleon,Pleon,1,seen,It
2-111-81,NomAnaph,NomAnaph,1,it,added
2-111-82,NomAnaph,NomAnaph,1,found,hard
2-112-26,Pleon,Pleon,1,,was
2-112-53,NomAnaph,NomAnaph,1,scrutinized,attentively
2-112-61,NomAnaph,NomAnaph,1,fear,does
2-112-65,NomAnaph,NomAnaph,1,shortly,shows
2-112-99,NomAnaph,NomAnaph,1,of,says
2-113-1,Pleon,Pleon,1,in,myself
2-113-54,ClauseAnaph,Pleon,0,assistant,was
2-114-42,Pleon,NomAnaph,0,sold,You
2-115-44,NomAnaph,NomAnaph,1,sir,was
2-115-54,Pleon,NomAnaph,0,seeing,was
2-116-72,Pleon,Pleon,1,in,He
2-116-86,ClauseAnaph,Pleon,0,said,was
2-116-89,NomAnaph,NomAnaph,1,sympathized,was
2-116-98,Pleon,Pleon,1,when,might
2-116-110,Pleon,Pleon,1,Is,not
2-117-2,Pleon,Pleon,1,sir,was
2-117-27,NomAnaph,NomAnaph,1,on,handing
2-119-15,NomAnaph,NomAnaph,1,handing,to
2-119-17,NomAnaph,NomAnaph,1,jury,was
2-119-21,NomAnaph,NomAnaph,1,take,then
2-120-57,Pleon,Pleon,1,take,that
2-120-88,Pleon,Pleon,1,can,seems
2-123-1,Pleon,Pleon,1,But,is
2-123-49,ClauseAnaph,ClauseAnaph,1,think,is
2-123-56,ClauseAnaph,ClauseAnaph,1,But,is
2-123-67,ClauseAnaph,ClauseAnaph,1,took,to
2-123-113,NomAnaph,NomAnaph,1,poured,out
2-124-3,NomAnaph,NomAnaph,1,take,to
2-124-11,NomAnaph,NomAnaph,1,later,was
2-124-52,NomAnaph,NomAnaph,1,but,did
2-124-64,Pleon,NomAnaph,0,if,isnt
2-127-62,Pleon,Pleon,1,,was
2-128-14,ClauseAnaph,Pleon,0,,this
2-130-21,Pleon,Pleon,1,if,hadnt
2-131-12,Pleon,Pleon,1,bring,in
2-131-93,Pleon,Pleon,1,if,hadnt
2-131-107,Pleon,Pleon,1,But,will
2-133-23,ClauseAnaph,ClauseAnaph,1,do,Mr
2-134-4,ClauseAnaph,ClauseAnaph,1,by,Cant
2-134-25,ClauseAnaph,Pleon,0,moment,can
2-134-40,ClauseAnaph,ClauseAnaph,1,wish,It
2-134-54,ClauseAnaph,ClauseAnaph,1,it,forces
2-134-55,ClauseAnaph,ClauseAnaph,1,Decidedly,was
2-136-62,ClauseAnaph,Pleon,0,that,is
2-137-12,Pleon,Pleon,1,unsatisfactory,has
2-138-33,NomAnaph,NomAnaph,1,that,has
2-138-59,NomAnaph,NomAnaph,1,intangible,was
2-139-13,NomAnaph,NomAnaph,1,about,He
2-139-99,Pleon,Pleon,1,ami,puzzles
2-141-16,ClauseAnaph,Pleon,0,buy,But
2-141-41,NomAnaph,NomAnaph,1,Would,be
2-142-57,ClauseAnaph,ClauseAnaph,1,would,not
2-143-18,ClauseAnaph,ClauseAnaph,1,daylight,would
2-143-46,ClauseAnaph,Pleon,0,is,not
2-143-103,ClauseAnaph,Pleon,0,throwing,on
2-143-115,Pleon,NomAnaph,0,guilt,was
2-144-10,ClauseAnaph,Pleon,0,make,a
2-144-23,ClauseAnaph,ClauseAnaph,1,,may
2-145-1,Pleon,Pleon,1,want,to
2-145-51,Pleon,Pleon,1,can,be
2-146-3,ClauseAnaph,Pleon,0,,has
2-146-48,NomAnaph,NomAnaph,1,about,My
2-148-8,NomAnaph,NomAnaph,1,say,did
2-148-72,NomAnaph,NomAnaph,1,ridiculed,of
2-148-77,NomAnaph,NomAnaph,1,But,was
2-148-81,NomAnaph,NomAnaph,1,startled,is
2-149-38,ClauseAnaph,NomAnaph,0,If,had
2-149-89,Pleon,Pleon,1,understood,He
2-149-98,Pleon,Pleon,1,ami,very
2-150-39,Pleon,Pleon,1,of,It
2-150-74,Pleon,NomAnaph,0,it,seems
2-150-75,Pleon,Pleon,1,what,looks
2-150-89,ClauseAnaph,Pleon,0,Yes,is
2-151-2,ClauseAnaph,Pleon,0,morning,is
2-152-29,Pleon,Pleon,1,,covers
2-152-61,NomAnaph,ClauseAnaph,0,as,was
2-154-6,NomAnaph,Pleon,0,that,had
2-154-18,Pleon,Pleon,1,But,was
2-155-3,ClauseAnaph,Pleon,0,that,was
2-156-67,Pleon,Pleon,1,and,was
2-157-15,Pleon,Pleon,1,this,was
2-157-44,Pleon,Pleon,1,that,should
2-159-68,Pleon,Pleon,1,object,concerns
2-159-115,NomAnaph,NomAnaph,1,Emily,is
2-160-61,ClauseAnaph,Pleon,0,terrible,may
2-161-15,ClauseAnaph,Pleon,0,find,all
3-5-63,NomAnaph,NomAnaph,1,if,hadnt
3-7-35,Pleon,Pleon,1,with,Was
3-9-35,ClauseAnaph,NomAnaph,0,happened,must
3-9-57,Pleon,Pleon,1,Is,possible
3-10-3,Pleon,Pleon,1,does,matter
3-10-56,Pleon,Pleon,1,thought,would
3-12-46,ClauseAnaph,ClauseAnaph,1,know,was
3-12-53,ClauseAnaph,ClauseAnaph,1,Importance,is
3-12-59,ClauseAnaph,ClauseAnaph,1,of,the
3-14-38,Pleon,ClauseAnaph,0,now,has
3-15-69,ClauseAnaph,ClauseAnaph,1,whilst,was
3-15-95,NomAnaph,NomAnaph,1,rejected,as
3-17-37,NomAnaph,NomAnaph,1,nevertheless,persisted
3-17-41,NomAnaph,NomAnaph,1,call,a
3-17-46,NomAnaph,NomAnaph,1,murmured,so
3-17-51,NomAnaph,NomAnaph,1,out,
3-17-79,Pleon,Pleon,1,do,in
3-18-53,ClauseAnaph,NomAnaph,0,continued,her
3-19-45,Pleon,Pleon,1,mistaking,for
3-19-89,NomAnaph,NomAnaph,1,of,by
3-21-33,NomAnaph,NomAnaph,1,how,could
3-21-43,ClauseAnaph,ClauseAnaph,1,thing,is
3-21-66,Pleon,Pleon,1,from,I
3-22-73,ClauseAnaph,NomAnaph,0,then,is
3-24-89,Pleon,Pleon,1,her,was
3-24-101,Pleon,Pleon,1,is,Next
3-25-54,ClauseAnaph,NomAnaph,0,does,mean
3-26-23,ClauseAnaph,ClauseAnaph,1,,all
3-26-52,Pleon,Pleon,1,had,tested
3-27-49,NomAnaph,NomAnaph,1,in,I
3-27-63,NomAnaph,NomAnaph,1,had,tested
3-27-69,NomAnaph,NomAnaph,1,having,analysed
3-27-83,NomAnaph,NomAnaph,1,in,However
3-28-21,ClauseAnaph,NomAnaph,0,really,a
3-29-3,Pleon,Pleon,1,friend,was
3-29-16,Pleon,Pleon,1,done,but
3-29-26,ClauseAnaph,ClauseAnaph,1,if,isnt
3-29-31,Pleon,Pleon,1,there,is
3-30-3,Pleon,Pleon,1,off,a
3-30-54,Pleon,Pleon,1,lording,here
3-30-74,Pleon,Pleon,1,us,was
3-32-77,Pleon,Pleon,1,Naturally,was
3-33-30,ClauseAnaph,ClauseAnaph,1,is,Dorcas
3-34-50,Pleon,Pleon,1,Well,just
3-34-53,Pleon,Pleon,1,box,up
3-35-28,NomAnaph,NomAnaph,1,And,came
3-35-49,Pleon,Pleon,1,examine,all
3-37-50,NomAnaph,NomAnaph,1,from,Suddenly
3-38-34,NomAnaph,NomAnaph,1,is,Look
3-38-42,Pleon,Pleon,1,turned,over
3-38-67,NomAnaph,NomAnaph,1,examining,closely
3-38-73,NomAnaph,NomAnaph,1,replaced,in
3-39-7,NomAnaph,NomAnaph,1,of,as
3-39-19,NomAnaph,NomAnaph,1,mentioning,There
3-39-69,NomAnaph,NomAnaph,1,funny,is
3-40-26,NomAnaph,NomAnaph,1,King,was
3-40-59,NomAnaph,NomAnaph,1,and,off
3-40-88,Pleon,Pleon,1,take,to
3-41-20,Pleon,NomAnaph,0,know,for
3-42-5,ClauseAnaph,Pleon,0,make,with
3-42-17,NomAnaph,NomAnaph,1,sure,looked
3-42-22,NomAnaph,NomAnaph,1,all,must
3-42-41,Pleon,NomAnaph,0,getting,off
3-42-73,NomAnaph,NomAnaph,1,think,is
3-43-4,NomAnaph,NomAnaph,1,notice,had
3-43-17,NomAnaph,NomAnaph,1,Yes,was
3-43-23,NomAnaph,NomAnaph,1,put,in
3-43-48,NomAnaph,NomAnaph,1,hide,where
3-43-78,NomAnaph,NomAnaph,1,showed,
3-45-6,ClauseAnaph,ClauseAnaph,1,is,Out
3-46-39,Pleon,Pleon,1,with,Im
3-46-42,Pleon,Pleon,1,to,truthfully
3-46-95,NomAnaph,NomAnaph,1,,is
3-47-7,NomAnaph,NomAnaph,1,that,wasnt
3-47-43,Pleon,Pleon,1,did,it
3-47-100,ClauseAnaph,ClauseAnaph,1,it,doesnt
3-47-101,Pleon,Pleon,1,did,Exactly
3-47-111,ClauseAnaph,ClauseAnaph,1,did,said
3-48-8,ClauseAnaph,ClauseAnaph,1,repeated,to
3-49-24,NomAnaph,NomAnaph,1,prove,Yes
3-49-79,ClauseAnaph,NomAnaph,0,believe,too
3-49-87,ClauseAnaph,ClauseAnaph,1,think,nonsense
3-49-93,ClauseAnaph,ClauseAnaph,1,committing,But
3-50-29,NomAnaph,NomAnaph,1,commit,It
3-50-39,NomAnaph,NomAnaph,1,it,tells
3-50-40,NomAnaph,NomAnaph,1,,is
3-50-75,ClauseAnaph,Pleon,0,believe,is
3-50-89,ClauseAnaph,Pleon,0,say,Oh
3-51-14,ClauseAnaph,Pleon,0,say,It
3-51-18,ClauseAnaph,ClauseAnaph,1,it,isnt
3-51-19,ClauseAnaph,ClauseAnaph,1,TRUE,cant
3-51-22,ClauseAnaph,ClauseAnaph,1,But,cant
3-51-58,Pleon,Pleon,1,impossible,must
3-51-66,Pleon,Pleon,1,about,continued
3-51-80,ClauseAnaph,Pleon,0,admit,even
3-51-92,ClauseAnaph,ClauseAnaph,1,nothing,is
3-52-11,Pleon,Pleon,1,that,is
3-52-17,Pleon,Pleon,1,now,could
3-53-44,Pleon,ClauseAnaph,0,what,may
3-54-35,NomAnaph,NomAnaph,1,,can
3-54-81,NomAnaph,NomAnaph,1,think,is
3-55-74,Pleon,Pleon,1,time,is
3-55-109,Pleon,Pleon,1,Still,would
3-56-2,Pleon,Pleon,1,instincts,was
3-56-28,Pleon,Pleon,1,answer,But
3-56-63,NomAnaph,NomAnaph,1,when,is
3-56-96,Pleon,Pleon,1,mallet,struck
3-58-54,Pleon,Pleon,1,that,would
3-58-58,Pleon,Pleon,1,of,It
3-59-8,NomAnaph,NomAnaph,1,it,was
3-59-9,ClauseAnaph,Pleon,0,,their
3-61-17,ClauseAnaph,Pleon,0,handle,or
3-61-71,NomAnaph,NomAnaph,1,at,Well
3-61-77,NomAnaph,NomAnaph,1,about,double
3-61-94,ClauseAnaph,NomAnaph,0,Say,over
3-62-11,NomAnaph,NomAnaph,1,what,means
3-62-34,NomAnaph,ClauseAnaph,0,Cynthia,was
3-63-79,NomAnaph,NomAnaph,1,Certainly,was
3-63-85,NomAnaph,NomAnaph,1,sure,was
3-64-13,NomAnaph,NomAnaph,1,that,was
3-64-35,NomAnaph,NomAnaph,1,open,but
3-64-43,NomAnaph,NomAnaph,1,believe,was
3-64-96,NomAnaph,NomAnaph,1,see,No
3-65-6,NomAnaph,NomAnaph,1,that,was
3-65-21,NomAnaph,NomAnaph,1,settles,And
3-65-27,Pleon,Pleon,1,is,not
3-65-66,ClauseAnaph,Pleon,0,show,to
3-67-36,NomAnaph,NomAnaph,1,delighted,an
3-67-46,NomAnaph,NomAnaph,1,all,is
3-68-15,ClauseAnaph,ClauseAnaph,1,Indeed,is
3-68-62,NomAnaph,NomAnaph,1,park,was
3-69-32,Pleon,Pleon,1,and,struck
3-70-19,NomAnaph,NomAnaph,1,thought,really
3-70-35,NomAnaph,NomAnaph,1,course,was
3-70-41,NomAnaph,NomAnaph,1,that,was
3-70-54,Pleon,Pleon,1,But,was
3-70-67,ClauseAnaph,Pleon,0,about,and
3-70-78,NomAnaph,ClauseAnaph,0,have,I
3-70-90,Pleon,Pleon,1,have,Marys
3-71-57,Pleon,Pleon,1,actions,will
3-71-72,Pleon,ClauseAnaph,0,if,is
3-72-7,Pleon,Pleon,1,But,isnt
3-72-16,ClauseAnaph,Pleon,0,thing,leavens
3-72-41,NomAnaph,NomAnaph,1,about,So
3-74-73,NomAnaph,NomAnaph,1,took,for
3-75-22,ClauseAnaph,Pleon,0,in,then
3-75-76,Pleon,ClauseAnaph,0,world,is
3-75-82,Pleon,Pleon,1,find,so
3-76-3,Pleon,Pleon,1,isnt,Cheer
3-76-82,ClauseAnaph,ClauseAnaph,1,soothingly,cant
3-76-89,ClauseAnaph,ClauseAnaph,1,Cant,though
3-76-95,ClauseAnaph,ClauseAnaph,1,though,can
3-76-97,ClauseAnaph,ClauseAnaph,1,did,I
3-77-51,ClauseAnaph,ClauseAnaph,1,sometimes,must
3-77-57,Pleon,ClauseAnaph,0,done,Now
3-77-67,ClauseAnaph,ClauseAnaph,1,surely,must
3-78-15,Pleon,Pleon,1,considered,The
3-78-31,NomAnaph,NomAnaph,1,said,isnt
3-78-66,Pleon,Pleon,1,could,be
3-78-73,Pleon,Pleon,1,Well,was
3-80-2,Pleon,Pleon,1,John,would
3-80-10,Pleon,Pleon,1,but,was
3-80-32,ClauseAnaph,ClauseAnaph,1,know,was
3-80-40,ClauseAnaph,ClauseAnaph,1,how,was
3-80-49,NomAnaph,Pleon,0,had,analysed
3-80-74,ClauseAnaph,Pleon,0,see,either
3-81-14,NomAnaph,NomAnaph,1,had,
3-81-25,ClauseAnaph,Pleon,0,just,If
3-81-34,NomAnaph,NomAnaph,1,Say,again
3-81-37,Pleon,Pleon,1,Or,may
3-82-28,Pleon,NomAnaph,0,No,wasnt
3-82-55,Pleon,Pleon,1,prayed,would
3-83-2,NomAnaph,NomAnaph,1,surely,could
3-83-21,NomAnaph,NomAnaph,1,Was,to
3-83-67,ClauseAnaph,Pleon,0,Yes,all
3-84-58,ClauseAnaph,Pleon,0,hushing,up
3-85-20,ClauseAnaph,NomAnaph,0,let,go
3-85-31,Pleon,NomAnaph,0,thought,safer
3-86-47,Pleon,ClauseAnaph,0,calling,heart
3-86-63,Pleon,Pleon,1,as,had
3-87-36,ClauseAnaph,ClauseAnaph,1,see,Hed
3-88-15,NomAnaph,NomAnaph,1,fix,up
3-88-54,NomAnaph,NomAnaph,1,put,in
3-88-66,ClauseAnaph,NomAnaph,0,said,wasnt
3-88-95,NomAnaph,NomAnaph,1,laughed,quite
3-88-101,NomAnaph,NomAnaph,1,isnt,We
3-88-106,ClauseAnaph,Pleon,0,time,occurred
3-88-114,ClauseAnaph,Pleon,0,down,really
3-89-58,Pleon,Pleon,1,lot,struck
3-90-58,ClauseAnaph,Pleon,0,Still,rather
3-91-74,Pleon,Pleon,1,isnt,But
3-93-52,Pleon,Pleon,1,help,and
3-93-61,Pleon,Pleon,1,dear,perfectly
3-94-32,Pleon,Pleon,1,settles,I
3-95-80,Pleon,Pleon,1,interview,struck
3-96-19,Pleon,Pleon,1,unsatisfactory,occurred
3-96-71,Pleon,Pleon,1,time,would
3-96-78,Pleon,Pleon,1,opened,Good
3-97-5,Pleon,Pleon,1,thats,and
3-97-61,NomAnaph,NomAnaph,1,Was,a
3-97-107,Pleon,Pleon,1,of,Those
3-99-40,Pleon,Pleon,1,acknowledge,to
3-99-97,NomAnaph,NomAnaph,1,Would,not
3-100-25,ClauseAnaph,Pleon,0,of,Of
3-100-38,ClauseAnaph,Pleon,0,her,would
3-100-69,ClauseAnaph,ClauseAnaph,1,blurting,out
3-101-18,NomAnaph,NomAnaph,1,put,into
3-101-33,ClauseAnaph,ClauseAnaph,1,believe,at
3-101-85,ClauseAnaph,ClauseAnaph,1,No,is
3-102-47,ClauseAnaph,NomAnaph,0,how,makes
3-102-52,ClauseAnaph,NomAnaph,0,course,will
3-102-65,ClauseAnaph,NomAnaph,0,say,will
3-102-78,Pleon,NomAnaph,0,further,was
3-102-105,Pleon,NomAnaph,0,keep,out
3-103-41,Pleon,ClauseAnaph,0,papers,worried
3-103-58,ClauseAnaph,NomAnaph,0,for,suggested
3-103-63,Pleon,ClauseAnaph,0,know,Not
3-103-70,ClauseAnaph,ClauseAnaph,1,Still,does
3-104-67,ClauseAnaph,ClauseAnaph,1,with,
3-105-14,ClauseAnaph,ClauseAnaph,1,Surely,is
3-105-41,ClauseAnaph,ClauseAnaph,1,suspected,It
3-105-47,Pleon,Pleon,1,it,never
3-107-49,ClauseAnaph,ClauseAnaph,1,head,did
3-107-55,ClauseAnaph,Pleon,0,at,in
3-108-77,Pleon,ClauseAnaph,0,Well,is
3-109-67,NomAnaph,NomAnaph,1,of,And
3-110-6,ClauseAnaph,ClauseAnaph,1,spread,out
3-111-40,NomAnaph,NomAnaph,1,L,was
3-111-57,Pleon,NomAnaph,0,though,had
3-111-69,NomAnaph,NomAnaph,1,But,was
3-111-77,Pleon,Pleon,1,top,bore
3-111-89,NomAnaph,NomAnaph,1,and,was
3-111-102,NomAnaph,NomAnaph,1,,might
3-112-1,NomAnaph,NomAnaph,1,or,might
3-112-6,NomAnaph,NomAnaph,1,two,certainly
3-112-21,NomAnaph,NomAnaph,1,thinking,is
3-112-42,NomAnaph,NomAnaph,1,upon,Where
3-112-48,NomAnaph,Pleon,0,did,come
3-112-51,NomAnaph,NomAnaph,1,Is,important
3-112-58,Pleon,NomAnaph,0,so,confirms
3-112-62,NomAnaph,NomAnaph,1,for,and
3-112-79,NomAnaph,NomAnaph,1,found,on
3-113-20,NomAnaph,NomAnaph,1,how,was
3-113-92,NomAnaph,NomAnaph,1,,should
3-114-62,NomAnaph,NomAnaph,1,mention,it
3-115-6,ClauseAnaph,ClauseAnaph,1,it,did
3-115-7,ClauseAnaph,Pleon,0,of,A
3-115-19,ClauseAnaph,Pleon,0,put,right
3-115-36,NomAnaph,NomAnaph,1,weak,is
3-115-74,Pleon,NomAnaph,0,is,all
3-116-31,Pleon,Pleon,1,sad,occurred
3-117-51,Pleon,Pleon,1,that,would
3-117-56,Pleon,Pleon,1,about,not
3-118-57,Pleon,Pleon,1,whether,is
3-118-73,Pleon,Pleon,1,elderly,is
3-120-33,NomAnaph,NomAnaph,1,world,was
3-121-79,ClauseAnaph,ClauseAnaph,1,loved,There
3-121-85,ClauseAnaph,NomAnaph,0,that,was
3-122-33,ClauseAnaph,ClauseAnaph,1,of,almost
3-122-53,ClauseAnaph,NomAnaph,0,view,was
3-122-85,ClauseAnaph,Pleon,0,say,was
3-122-98,ClauseAnaph,Pleon,0,but,is
3-123-124,ClauseAnaph,Pleon,0,that,matters
3-124-20,Pleon,Pleon,1,that,might
3-128-14,NomAnaph,NomAnaph,1,is,I
3-130-51,Pleon,Pleon,1,special,nothing
3-130-61,Pleon,Pleon,1,is,I
3-131-80,Pleon,Pleon,1,you,is
3-133-19,Pleon,Pleon,1,attempt,And
3-133-36,Pleon,ClauseAnaph,0,off,is
3-134-34,ClauseAnaph,Pleon,0,no,was
3-134-104,ClauseAnaph,Pleon,0,cells,is
3-135-5,Pleon,Pleon,1,Yes,is
3-137-37,NomAnaph,NomAnaph,1,used,is
3-137-72,ClauseAnaph,Pleon,0,of,you
3-137-84,ClauseAnaph,NomAnaph,0,on,He
3-138-54,NomAnaph,NomAnaph,1,or,would
3-139-27,Pleon,Pleon,1,But,was
3-139-52,Pleon,Pleon,1,said,quite
3-140-32,ClauseAnaph,NomAnaph,0,pills,is
3-140-56,Pleon,NomAnaph,0,fetch,for
3-141-25,NomAnaph,NomAnaph,1,that,was
3-141-45,ClauseAnaph,Pleon,0,doubt,has
3-141-97,NomAnaph,NomAnaph,1,against,There
3-142-21,NomAnaph,NomAnaph,1,household,is
3-142-54,Pleon,Pleon,1,feverishly,struck
3-144-48,Pleon,Pleon,1,is,Dorcas
3-145-43,Pleon,Pleon,1,once,those
3-145-52,Pleon,Pleon,1,adversity,brings
4-5-81,NomAnaph,Pleon,0,believe,You
4-7-29,ClauseAnaph,Pleon,0,thought,was
4-7-40,Pleon,Pleon,1,proofs,is
4-9-21,Pleon,Pleon,1,guilty,is
4-9-32,Pleon,Pleon,1,if,was
4-10-37,Pleon,Pleon,1,denied,at
4-10-53,ClauseAnaph,Pleon,0,if,was
4-10-65,Pleon,Pleon,1,hand,was
4-10-81,Pleon,Pleon,1,me,was
4-11-10,Pleon,Pleon,1,with,Until
4-12-70,NomAnaph,NomAnaph,1,playing,a
4-12-104,Pleon,Pleon,1,ears,is
4-13-84,Pleon,Pleon,1,as,involves
4-14-38,ClauseAnaph,ClauseAnaph,1,hoped,might
4-15-27,ClauseAnaph,NomAnaph,0,one,was
4-16-1,Pleon,NomAnaph,0,with,on
4-17-12,ClauseAnaph,ClauseAnaph,1,that,had
4-18-24,NomAnaph,NomAnaph,1,that,was
4-18-104,NomAnaph,NomAnaph,1,that,was
4-19-32,Pleon,Pleon,1,murder,would
4-20-45,Pleon,Pleon,1,take,Dr
4-21-25,Pleon,Pleon,1,that,could
4-22-44,Pleon,Pleon,1,that,was
4-22-61,Pleon,Pleon,1,since,was
4-23-13,ClauseAnaph,Pleon,0,sir,may
4-23-75,NomAnaph,NomAnaph,1,with,It
4-23-107,NomAnaph,NomAnaph,1,it,would
4-24-1,NomAnaph,NomAnaph,1,leave,on
4-24-21,NomAnaph,NomAnaph,1,table,would
4-24-26,Pleon,Pleon,1,if,was
4-24-71,NomAnaph,NomAnaph,1,whether,was
4-24-82,NomAnaph,NomAnaph,1,think,was
4-24-90,NomAnaph,NomAnaph,1,remembered,if
4-24-98,ClauseAnaph,ClauseAnaph,1,if,was
4-24-100,NomAnaph,NomAnaph,1,afterwards,disappeared
4-25-12,NomAnaph,NomAnaph,1,of,I
4-25-32,NomAnaph,NomAnaph,1,that,was
4-25-38,Pleon,Pleon,1,for,The
4-25-76,NomAnaph,NomAnaph,1,for,Where
4-25-91,NomAnaph,NomAnaph,1,discover,On
4-25-97,NomAnaph,NomAnaph,1,find,yourself
4-26-14,NomAnaph,NomAnaph,1,found,Yes
4-26-24,NomAnaph,NomAnaph,1,Yes,was
4-26-26,NomAnaph,NomAnaph,1,requested,was
4-26-58,NomAnaph,NomAnaph,1,that,came
4-27-77,NomAnaph,NomAnaph,1,Styles,might
4-27-81,NomAnaph,NomAnaph,1,leaving,on
4-28-63,NomAnaph,NomAnaph,1,made,seem
4-30-35,Pleon,NomAnaph,0,what,wasnt
4-30-38,Pleon,NomAnaph,0,,will
4-30-44,Pleon,Pleon,1,,could
4-30-68,Pleon,Pleon,1,did,He
4-31-58,ClauseAnaph,ClauseAnaph,1,,had
4-33-53,NomAnaph,NomAnaph,1,was,when
4-34-57,Pleon,Pleon,1,Does,not
4-35-2,Pleon,Pleon,1,of,in
4-35-21,NomAnaph,NomAnaph,1,said,was
4-35-44,Pleon,Pleon,1,about,Would
4-35-70,Pleon,Pleon,1,words,was
4-36-4,NomAnaph,NomAnaph,1,is,not
4-36-55,ClauseAnaph,Pleon,0,think,likely
4-36-86,ClauseAnaph,Pleon,0,But,is
4-36-89,ClauseAnaph,Pleon,0,inherit,wouldnt
4-39-24,NomAnaph,NomAnaph,1,put,to
4-40-30,Pleon,Pleon,1,on,The
4-41-19,NomAnaph,NomAnaph,1,take,up
4-41-60,NomAnaph,NomAnaph,1,as,happens
4-42-3,Pleon,Pleon,1,and,
4-42-28,Pleon,Pleon,1,say,
4-42-31,Pleon,Pleon,1,that,was
4-43-66,NomAnaph,NomAnaph,1,gave,as
4-43-74,Pleon,Pleon,1,that,might
4-43-79,NomAnaph,NomAnaph,1,that,might
4-44-5,NomAnaph,NomAnaph,1,but,was
4-44-30,NomAnaph,NomAnaph,1,was,entirely
4-44-65,NomAnaph,NomAnaph,1,of,was
4-44-73,NomAnaph,NomAnaph,1,sift,impartially
4-44-87,NomAnaph,NomAnaph,1,that,was
4-45-23,Pleon,Pleon,1,there,was
4-45-33,ClauseAnaph,Pleon,0,that,was
4-45-73,Pleon,Pleon,1,both,and
4-45-100,NomAnaph,NomAnaph,1,that,was
4-46-32,Pleon,Pleon,1,and,would
4-48-52,NomAnaph,NomAnaph,1,and,was
4-48-111,Pleon,Pleon,1,that,never
4-50-80,Pleon,Pleon,1,and,never
4-51-21,Pleon,Pleon,1,of,Not
4-52-36,NomAnaph,NomAnaph,1,that,bears
4-52-47,NomAnaph,NomAnaph,1,put,to
4-52-66,Pleon,Pleon,1,that,is
4-52-70,NomAnaph,NomAnaph,1,put,to
4-52-78,Pleon,Pleon,1,Is,not
4-53-3,Pleon,Pleon,1,put,to
4-53-52,Pleon,Pleon,1,as,was
4-54-53,Pleon,Pleon,1,is,
4-54-85,Pleon,Pleon,1,edifice,is
4-56-73,Pleon,NomAnaph,0,so,is
4-57-30,Pleon,ClauseAnaph,0,faltered,was
4-57-55,ClauseAnaph,ClauseAnaph,1,remember,was
4-58-12,Pleon,Pleon,1,on,in
4-58-39,NomAnaph,NomAnaph,1,gasped,
4-59-18,Pleon,Pleon,1,time,is
4-59-44,NomAnaph,Pleon,0,given,to
4-59-56,NomAnaph,NomAnaph,1,salon,is
4-63-77,Pleon,Pleon,1,leave,No
4-64-84,NomAnaph,NomAnaph,1,as,had
4-66-26,NomAnaph,NomAnaph,1,found,caught
4-66-69,NomAnaph,NomAnaph,1,consider,of
4-66-101,NomAnaph,NomAnaph,1,recognize,for
4-66-109,NomAnaph,NomAnaph,1,what,
4-66-112,NomAnaph,NomAnaph,1,Therefore,must
4-67-23,Pleon,Pleon,1,for,since
4-67-69,ClauseAnaph,Pleon,0,since,was
4-67-71,Pleon,Pleon,1,reported,fastened
4-67-81,NomAnaph,NomAnaph,1,found,Suddenly
4-70-30,NomAnaph,NomAnaph,1,picks,up
4-70-72,NomAnaph,NomAnaph,1,But,is
4-71-18,Pleon,Pleon,1,door,occurs
4-71-72,Pleon,Pleon,1,But,did
4-72-32,ClauseAnaph,Pleon,0,But,cleared
4-72-56,ClauseAnaph,Pleon,0,Then,was
4-72-80,Pleon,Pleon,1,made,out
4-73-26,NomAnaph,NomAnaph,1,ami,was
4-73-34,Pleon,Pleon,1,that,was
4-74-88,ClauseAnaph,NomAnaph,0,,concerned
4-77-76,NomAnaph,NomAnaph,1,and,is
4-78-52,Pleon,Pleon,1,make,What
4-78-99,NomAnaph,NomAnaph,1,demanded,from
4-80-31,NomAnaph,NomAnaph,1,that,had
4-80-41,NomAnaph,NomAnaph,1,that,opened
4-81-57,NomAnaph,NomAnaph,1,tried,She
4-81-64,NomAnaph,NomAnaph,1,that,was
4-82-85,Pleon,Pleon,1,drank,whereas
4-84-40,NomAnaph,NomAnaph,1,sent,to
4-85-75,NomAnaph,NomAnaph,1,have,tested
4-86-34,NomAnaph,NomAnaph,1,And,is
4-86-67,Pleon,Pleon,1,where,is
4-87-64,NomAnaph,NomAnaph,1,,was
4-88-78,Pleon,ClauseAnaph,0,forget,But
4-88-91,NomAnaph,NomAnaph,1,was,not
4-89-30,NomAnaph,NomAnaph,1,drank,What
4-89-44,NomAnaph,NomAnaph,1,stain,was
4-89-76,NomAnaph,NomAnaph,1,damp,exhaled
4-89-80,NomAnaph,NomAnaph,1,deposited,upon
4-90-32,NomAnaph,NomAnaph,1,placed,on
4-90-96,NomAnaph,NomAnaph,1,drank,off
4-91-17,NomAnaph,NomAnaph,1,that,is
4-91-71,Pleon,Pleon,1,of,
4-91-79,NomAnaph,ClauseAnaph,0,introduce,It
4-92-21,NomAnaph,NomAnaph,1,it,was
4-92-22,NomAnaph,NomAnaph,1,of,Now
4-93-52,NomAnaph,NomAnaph,1,cause,to
4-93-101,NomAnaph,NomAnaph,1,of,undisturbed
4-94-33,NomAnaph,NomAnaph,1,and,is
4-95-48,Pleon,Pleon,1,Had,been
4-95-88,NomAnaph,NomAnaph,1,terms,is
4-95-96,Pleon,Pleon,1,As,was
4-95-109,Pleon,Pleon,1,of,In
4-95-120,NomAnaph,NomAnaph,1,nothing,is
4-96-27,Pleon,Pleon,1,,will
4-96-31,Pleon,Pleon,1,get,A
4-97-17,NomAnaph,NomAnaph,1,Well,is
4-100-5,Pleon,Pleon,1,invaluable,is
4-101-20,NomAnaph,Pleon,0,Was,not
4-102-18,Pleon,Pleon,1,said,was
4-102-35,Pleon,Pleon,1,that,would
4-103-60,Pleon,Pleon,1,with,When
4-103-72,NomAnaph,NomAnaph,1,that,was
4-103-84,Pleon,Pleon,1,done,When
4-104-45,ClauseAnaph,NomAnaph,0,fact,was
4-104-90,Pleon,Pleon,1,If,had
4-105-6,Pleon,Pleon,1,that,was
4-105-29,Pleon,Pleon,1,that,was
4-105-37,Pleon,Pleon,1,interpretation,was
4-105-55,ClauseAnaph,Pleon,0,ami,is
4-106-16,ClauseAnaph,Pleon,0,but,was
4-106-39,NomAnaph,NomAnaph,1,Is,possible
4-107-27,ClauseAnaph,Pleon,0,that,was
4-107-38,Pleon,Pleon,1,else,was
4-107-54,ClauseAnaph,ClauseAnaph,1,bearing,was
4-107-93,Pleon,ClauseAnaph,0,when,came
4-109-71,NomAnaph,NomAnaph,1,forgotten,by
4-110-26,ClauseAnaph,ClauseAnaph,1,Yes,was
4-110-54,NomAnaph,NomAnaph,1,left,alone
4-110-63,Pleon,NomAnaph,0,alone,is
4-110-65,Pleon,Pleon,1,as,will
4-112-41,Pleon,Pleon,1,where,is
4-112-68,ClauseAnaph,Pleon,0,since,is
4-113-12,Pleon,Pleon,1,plan,is
4-113-93,Pleon,Pleon,1,open,again
4-114-29,NomAnaph,NomAnaph,1,snatch,up
4-114-45,NomAnaph,NomAnaph,1,reads,and
4-115-12,NomAnaph,NomAnaph,1,letter,was
4-116-1,Pleon,Pleon,1,destroy,at
4-116-59,NomAnaph,NomAnaph,1,of,Because
4-116-67,NomAnaph,NomAnaph,1,keeping,on
4-116-81,NomAnaph,NomAnaph,1,at,from
4-117-3,Pleon,Pleon,1,for,means
4-118-9,ClauseAnaph,ClauseAnaph,1,him,is
4-118-96,ClauseAnaph,Pleon,0,destroying,and
4-119-33,NomAnaph,NomAnaph,1,keep,He
4-119-39,NomAnaph,NomAnaph,1,time,was
4-120-38,NomAnaph,NomAnaph,1,found,still
4-121-78,NomAnaph,NomAnaph,1,and,was
4-121-83,NomAnaph,Pleon,0,leave,there
4-122-15,NomAnaph,NomAnaph,1,destroy,Ah
4-122-25,NomAnaph,NomAnaph,1,hidden,somewhere
4-122-95,NomAnaph,NomAnaph,1,destroying,He
4-122-111,NomAnaph,NomAnaph,1,leaving,in
4-123-54,NomAnaph,NomAnaph,1,where,was
4-124-82,NomAnaph,NomAnaph,1,week,was
4-124-96,Pleon,Pleon,1,turn,into
4-126-34,NomAnaph,NomAnaph,1,that,was
4-126-93,ClauseAnaph,Pleon,0,hers,concealed
4-127-85,NomAnaph,NomAnaph,1,to,that
4-129-50,Pleon,Pleon,1,remarked,would
4-129-74,ClauseAnaph,Pleon,0,accident,must
4-129-105,ClauseAnaph,ClauseAnaph,1,idea,was
4-130-49,NomAnaph,Pleon,0,night,was
4-131-28,ClauseAnaph,Pleon,0,saw,bolted
4-131-58,NomAnaph,NomAnaph,1,that,was
4-131-75,NomAnaph,NomAnaph,1,taken,into
4-133-26,Pleon,Pleon,1,that,was
4-134-25,Pleon,Pleon,1,hidden,but
4-134-32,NomAnaph,NomAnaph,1,glad,has
4-135-27,Pleon,ClauseAnaph,0,that,was
4-135-57,Pleon,Pleon,1,apart,all
4-135-96,ClauseAnaph,ClauseAnaph,1,knew,He
4-136-8,ClauseAnaph,ClauseAnaph,1,understand,in
4-137-10,NomAnaph,NomAnaph,1,,might
4-137-34,ClauseAnaph,ClauseAnaph,1,condemning,The
4-138-62,NomAnaph,ClauseAnaph,0,Yes,is
4-139-74,ClauseAnaph,NomAnaph,0,surprised,was
4-140-37,ClauseAnaph,Pleon,0,pleasure,means
4-140-56,ClauseAnaph,Pleon,0,is,not
4-141-11,Pleon,Pleon,1,is,mon
4-141-37,Pleon,Pleon,1,,
